time,surgery,phone,appointment_time,making_appointment,overall_experience,website,free_text,row_sum,free_text_len,polarity,subjectivity,neg,neu,pos,compound,sentiment,feedback_labelsmake,feedback_labels
2024-02-22 12:00:42,Earls Court Surgery,Very easy,Very satisfied,Very good,Very good,Very good,,Very easyVery satisfiedVery goodVery goodVery good,0,0.0,0.0,0.0,0.0,0.0,0.0,neutral,,
2024-02-22 12:01:16,Emperor's Gate Health Centre,Very easy,Very satisfied,Very good,Very good,Very good,,Very easyVery satisfiedVery goodVery goodVery good,0,0.0,0.0,0.0,0.0,0.0,0.0,neutral,,
2024-02-22 12:01:48,Health Partners at Violet Melchett,Very easy,Very satisfied,Very good,Very good,Very good,,Very easyVery satisfiedVery goodVery goodVery good,0,0.0,0.0,0.0,0.0,0.0,0.0,neutral,,
2024-02-22 12:02:01,Knightsbridge Medical Centre,Very easy,Very satisfied,Very good,Very good,Very good,,Very easyVery satisfiedVery goodVery goodVery good,0,0.0,0.0,0.0,0.0,0.0,0.0,neutral,,
2024-02-22 12:02:33,Royal Hospital Chelsea,Very easy,Very satisfied,Very good,Very good,Very good,,Very easyVery satisfiedVery goodVery goodVery good,0,0.0,0.0,0.0,0.0,0.0,0.0,neutral,,
2024-02-22 12:02:47,Scarsdale Medical Centre,Very easy,Very satisfied,Very good,Very good,Very good,,Very easyVery satisfiedVery goodVery goodVery good,0,0.0,0.0,0.0,0.0,0.0,0.0,neutral,,
2024-02-22 12:03:00,Stanhope Mews Surgery,Very easy,Very satisfied,Very good,Very good,Very good,,Very easyVery satisfiedVery goodVery goodVery good,0,0.0,0.0,0.0,0.0,0.0,0.0,neutral,,
2024-02-22 12:03:28,The Abingdon Medical Practice,Very easy,Very satisfied,Very good,Very good,Very good,,Very easyVery satisfiedVery goodVery goodVery good,0,0.0,0.0,0.0,0.0,0.0,0.0,neutral,,
2024-02-22 12:03:50,The Chelsea Practice,Very easy,Very satisfied,Very good,Very good,Very good,,Very easyVery satisfiedVery goodVery goodVery good,0,0.0,0.0,0.0,0.0,0.0,0.0,neutral,,
2024-02-22 12:04:03,The Good Practice,Very easy,Very satisfied,Very good,Very good,Very good,,Very easyVery satisfiedVery goodVery goodVery good,0,0.0,0.0,0.0,0.0,0.0,0.0,neutral,,
2024-02-22 13:52:24,Earls Court Surgery,Very easy,Fairly satisfied,Very good,Very good,Fairly good,,Very easyFairly satisfiedVery goodVery goodFairly good,0,0.0,0.0,0.0,0.0,0.0,0.0,neutral,,
2024-02-22 13:57:41,Earls Court Surgery,Fairly easy,Fairly satisfied,Fairly good,Fairly good,Fairly good,,Fairly easyFairly satisfiedFairly goodFairly goodFairly good,0,0.0,0.0,0.0,0.0,0.0,0.0,neutral,,
2024-02-22 14:00:50,Earls Court Surgery,Very easy,Very satisfied,Very good,Very good,Very good,,Very easyVery satisfiedVery goodVery goodVery good,0,0.0,0.0,0.0,0.0,0.0,0.0,neutral,,
2024-02-22 14:12:38,Earls Court Surgery,Very easy,Very satisfied,Very good,Very good,Fairly good,i am very happy about you . thanks ,Very easyVery satisfiedVery goodVery goodFairly good,8,0.6,0.6,0.0,0.367,0.633,0.7841,positive,,Overall Patient Satisfaction
2024-02-22 14:14:13,Earls Court Surgery,Very easy,Fairly satisfied,Very good,Very good,Fairly good,,Very easyFairly satisfiedVery goodVery goodFairly good,0,0.0,0.0,0.0,0.0,0.0,0.0,neutral,,
2024-02-22 14:16:01,Earls Court Surgery,Very easy,Very satisfied,Very good,Very good,Very good,amazing staff and fantastic doctor. would never g anywhere else.,Very easyVery satisfiedVery goodVery goodVery good,10,0.5,0.9,0.0,0.486,0.514,0.8126,positive,,Ambiance of Facility
2024-02-22 14:16:18,Earls Court Surgery,Fairly easy,Very satisfied,Fairly good,Very good,Very good,,Fairly easyVery satisfiedFairly goodVery goodVery good,0,0.0,0.0,0.0,0.0,0.0,0.0,neutral,,
2024-02-22 14:16:28,Earls Court Surgery,Very easy,Very satisfied,Very good,Very good,Very good,,Very easyVery satisfiedVery goodVery goodVery good,0,0.0,0.0,0.0,0.0,0.0,0.0,neutral,,
2024-02-22 14:17:30,Earls Court Surgery,Very easy,Very satisfied,Very good,Very good,Very good,they are very good and helpful ,Very easyVery satisfiedVery goodVery goodVery good,6,0.91,0.7800000000000001,0.0,0.39,0.61,0.7397,positive,,Overall Patient Satisfaction
2024-02-22 14:17:31,Earls Court Surgery,Very easy,Fairly satisfied,Fairly good,Fairly good,Fairly good,,Very easyFairly satisfiedFairly goodFairly goodFairly good,0,0.0,0.0,0.0,0.0,0.0,0.0,neutral,,
2024-02-22 14:26:32,Earls Court Surgery,Very easy,Very satisfied,Very good,Very good,Fairly good,,Very easyVery satisfiedVery goodVery goodFairly good,0,0.0,0.0,0.0,0.0,0.0,0.0,neutral,,
2024-02-22 14:36:35,Earls Court Surgery,Fairly easy,Fairly satisfied,Fairly good,Fairly good,Fairly good,,Fairly easyFairly satisfiedFairly goodFairly goodFairly good,0,0.0,0.0,0.0,0.0,0.0,0.0,neutral,,
2024-02-22 14:39:03,Earls Court Surgery,Very easy,Very satisfied,Very good,Very good,Very good,,Very easyVery satisfiedVery goodVery goodVery good,0,0.0,0.0,0.0,0.0,0.0,0.0,neutral,,
2024-02-22 14:48:01,Earls Court Surgery,Very easy,Very satisfied,Very good,Very good,Very good,"i was treated fairly, staff was very helpful with my quires.",Very easyVery satisfiedVery goodVery goodVery good,11,0.4499999999999999,0.6,0.0,0.744,0.256,0.4754,positive,,Overall Patient Satisfaction
2024-02-22 14:51:02,Earls Court Surgery,Very easy,Very satisfied,Very good,Very good,Fairly good,,Very easyVery satisfiedVery goodVery goodFairly good,0,0.0,0.0,0.0,0.0,0.0,0.0,neutral,,
2024-02-22 14:54:18,Earls Court Surgery,Very easy,Very satisfied,Very good,Very good,Very good,i am always very satisfied with the earls court surgery service,Very easyVery satisfiedVery goodVery goodVery good,11,0.65,1.0,0.0,0.744,0.256,0.4754,positive,,Overall Patient Satisfaction
2024-02-22 14:58:35,Earls Court Surgery,Fairly easy,Very satisfied,Very good,Fairly good,Very good,,Fairly easyVery satisfiedVery goodFairly goodVery good,0,0.0,0.0,0.0,0.0,0.0,0.0,neutral,,
2024-02-22 15:00:10,Earls Court Surgery,Fairly easy,Very satisfied,Very good,Very good,Fairly good,riza lindner ,Fairly easyVery satisfiedVery goodVery goodFairly good,2,0.0,0.0,0.0,1.0,0.0,0.0,neutral,,Ambiance of Facility
2024-02-22 15:01:50,Earls Court Surgery,Very easy,Fairly satisfied,Very good,Very good,Neither good nor poor,,Very easyFairly satisfiedVery goodVery goodNeither good nor poor,0,0.0,0.0,0.0,0.0,0.0,0.0,neutral,,
2024-02-22 15:03:49,Earls Court Surgery,Very easy,Very satisfied,Very good,Very good,Neither good nor poor,not bad,Very easyVery satisfiedVery goodVery goodNeither good nor poor,2,0.3499999999999999,0.6666666666666666,0.0,0.26,0.74,0.431,positive,,Overall Patient Satisfaction
2024-02-22 15:04:36,Earls Court Surgery,Fairly easy,Fairly satisfied,Fairly good,Fairly good,Fairly good,,Fairly easyFairly satisfiedFairly goodFairly goodFairly good,0,0.0,0.0,0.0,0.0,0.0,0.0,neutral,,
2024-02-22 15:05:27,Earls Court Surgery,Very easy,Very satisfied,Very good,Very good,Fairly good,i have had a positive experience of dr adip clinical contact with me over the years ,Very easyVery satisfiedVery goodVery goodFairly good,16,0.2272727272727272,0.5454545454545454,0.0,0.783,0.217,0.5574,positive,,Overall Patient Satisfaction
2024-02-22 15:07:23,Earls Court Surgery,Fairly easy,Very satisfied,Fairly good,Very good,Fairly good,"the staff, nurses and doctors in earl‚Äôs court gp surgery are helpful and very willing to know and understanding what we the patient needs and listen to us carefully. ",Fairly easyVery satisfiedFairly goodVery goodFairly good,29,0.1125,0.9875,0.0,0.863,0.137,0.5106,positive,,Medical Staff Competence
2024-02-22 15:09:28,Royal Hospital Chelsea,Very easy,Very satisfied,Very good,Very good,Very good,,Very easyVery satisfiedVery goodVery goodVery good,0,0.0,0.0,0.0,0.0,0.0,0.0,neutral,,
2024-02-22 15:11:45,Earls Court Surgery,Very easy,Very satisfied,Very good,Very good,Fairly good,the nurse was amazing ,Very easyVery satisfiedVery goodVery goodFairly good,4,0.6000000000000001,0.9,0.0,0.441,0.559,0.5859,positive,,Medical Staff Competence
2024-02-22 15:13:34,Earls Court Surgery,Very easy,Very satisfied,Very good,Very good,Very good,i think highly of my local gp surgery and the services provided by my gp.  reception staff also very helpful,Very easyVery satisfiedVery goodVery goodVery good,20,0.1,0.15,0.0,0.853,0.147,0.4754,positive,,Reception Staff Interaction
2024-02-22 15:18:55,Earls Court Surgery,Very easy,Very satisfied,Very good,Very good,Very good,a very efficient and caring doctors; dr adib and dr emiliani along with reception staff and a nurse alex. each üßçüèªe we receive the best service and advice that speaks volumes. we are very grateful and fortunate to be under care of earls court surgery for many years.,Very easyVery satisfiedVery goodVery goodVery good,48,0.4599999999999999,0.4199999999999999,0.0,0.662,0.338,0.9657,positive,,Medical Staff Competence
2024-02-22 15:19:32,Earls Court Surgery,Fairly easy,Fairly satisfied,Fairly good,Fairly good,Fairly good,overall fairly good. staff is friendly and gp is responsive.  premises could do with a üßçüèªt of a facelift. website could offer more interactive features as not all the ones listed are actually available.,Fairly easyFairly satisfiedFairly goodFairly goodFairly good,34,0.395,0.4,0.0,0.771,0.229,0.8225,positive,,Overall Patient Satisfaction
2024-02-22 15:44:14,Earls Court Surgery,Fairly easy,Very satisfied,Very good,Very good,Fairly good,,Fairly easyVery satisfiedVery goodVery goodFairly good,0,0.0,0.0,0.0,0.0,0.0,0.0,neutral,,
2024-02-22 15:47:31,Earls Court Surgery,Very easy,Very satisfied,Very good,Very good,Very good,,Very easyVery satisfiedVery goodVery goodVery good,0,0.0,0.0,0.0,0.0,0.0,0.0,neutral,,
2024-02-22 15:49:25,Earls Court Surgery,Very easy,Fairly satisfied,Very good,Very good,Neither good nor poor,not used them for a while,Very easyFairly satisfiedVery goodVery goodNeither good nor poor,6,0.0,0.0,0.0,1.0,0.0,0.0,neutral,,Ambiance of Facility
2024-02-22 15:55:41,Earls Court Surgery,Fairly easy,Very dissatisfied,Very poor,Very poor,Very poor,"it‚Äôs very frustrating the process of booking any appointments, the waiting üßçüèªe to see a doctor is for a phone call with the doctors 1week while for a in person appointment is 2 weeks. receptionists take liberty to decide if you are urgent or not and booking the appointments accordingly saying the doctors are busy, then when you go in person there isn‚Äôt anyone in the clinic and doctors are free. the doctors take everything lightly and they don‚Äôt even check your symptoms, refuse to make referrals to the nhs and suggest to go privately. someüßçüèªes i wait 2-3months before seeing my gp as i know the answer will always be ‚Äúyou have nothing so don‚Äôt worry‚Äù by only looking my face. 
",Fairly easyVery dissatisfiedVery poorVery poorVery poor,122,0.0633333333333333,0.6958333333333333,0.043,0.889,0.068,0.4779,positive,,Reception Staff Interaction
2024-02-22 15:57:02,Earls Court Surgery,Very easy,Very satisfied,Fairly good,Fairly good,Fairly good,,Very easyVery satisfiedFairly goodFairly goodFairly good,0,0.0,0.0,0.0,0.0,0.0,0.0,neutral,,
2024-02-22 15:58:30,Earls Court Surgery,Very easy,Fairly satisfied,Very good,Very good,Very good,,Very easyFairly satisfiedVery goodVery goodVery good,0,0.0,0.0,0.0,0.0,0.0,0.0,neutral,,
2024-02-22 16:05:28,Earls Court Surgery,Very easy,Very satisfied,Very good,Very good,Very good,,Very easyVery satisfiedVery goodVery goodVery good,0,0.0,0.0,0.0,0.0,0.0,0.0,neutral,,
2024-02-22 16:05:34,Earls Court Surgery,Not very easy,Neither satisfied nor dissatisfied,Very poor,Neither good nor poor,Neither good nor poor,,Not very easyNeither satisfied nor dissatisfiedVery poorNeither good nor poorNeither good nor poor,0,0.0,0.0,0.0,0.0,0.0,0.0,neutral,,
2024-02-22 16:13:11,Earls Court Surgery,Not very easy,Fairly dissatisfied,Very poor,Fairly poor,Fairly poor,all front desk staff must be sacked ‚Ä¶ the doctors and surgery itself is excellent ‚Ä¶ ,Not very easyFairly dissatisfiedVery poorFairly poorFairly poor,16,1.0,1.0,0.0,0.778,0.222,0.5719,positive,,Medical Staff Competence
2024-02-22 16:14:22,Earls Court Surgery,Fairly easy,Fairly satisfied,Fairly good,Very good,Very good,,Fairly easyFairly satisfiedFairly goodVery goodVery good,0,0.0,0.0,0.0,0.0,0.0,0.0,neutral,,
2024-02-22 16:15:44,Earls Court Surgery,Very easy,Very satisfied,Very good,Very good,Very good,,Very easyVery satisfiedVery goodVery goodVery good,0,0.0,0.0,0.0,0.0,0.0,0.0,neutral,,
2024-02-22 16:24:49,Earls Court Surgery,Fairly easy,Fairly satisfied,Fairly good,Fairly good,Neither good nor poor,the doctor she is very helpful and professional. ,Fairly easyFairly satisfiedFairly goodFairly goodNeither good nor poor,8,0.15,0.2,0.0,0.694,0.306,0.4754,positive,,Medical Staff Competence
2024-02-22 16:26:24,Earls Court Surgery,Very easy,Fairly satisfied,Very good,Very good,Fairly good,,Very easyFairly satisfiedVery goodVery goodFairly good,0,0.0,0.0,0.0,0.0,0.0,0.0,neutral,,
2024-02-22 16:27:14,Earls Court Surgery,Fairly easy,Fairly satisfied,Very good,Very good,Fairly good,,Fairly easyFairly satisfiedVery goodVery goodFairly good,0,0.0,0.0,0.0,0.0,0.0,0.0,neutral,,
2024-02-22 16:44:58,Earls Court Surgery,Not very easy,Fairly dissatisfied,Fairly poor,Very good,Neither good nor poor,dr adib is amazing and we are lucky to be able to see him. the appointments low availaüßçüèªlity makes it it someüßçüèªes difficult for us so we end up going private. it would be a good idea if you keep some slots with dr adib available for private urgent appointments. thank you,Not very easyFairly dissatisfiedFairly poorVery goodNeither good nor poor,52,0.2259259259259259,0.6009259259259259,0.074,0.705,0.221,0.8481,positive,,Appointment Accessibility
2024-02-22 16:57:19,Earls Court Surgery,Very easy,Very satisfied,Very good,Very good,Fairly good,,Very easyVery satisfiedVery goodVery goodFairly good,0,0.0,0.0,0.0,0.0,0.0,0.0,neutral,,
2024-02-22 17:16:07,Earls Court Surgery,Fairly easy,Very satisfied,Very good,Very good,Fairly good,"it's weird to say but though i never actually want to be there, everyone in the office is always really friendly and nice. i had a mildly serious issue with [blank] a couple of years ago and i look back and think ""wow, what a great experience.""",Fairly easyVery satisfiedVery goodVery goodFairly good,47,0.1157407407407407,0.5574074074074074,0.077,0.653,0.27,0.9366,positive,,Overall Patient Satisfaction
2024-02-22 17:17:38,Earls Court Surgery,Very easy,Very satisfied,Very good,Very good,Very good,doctor adib is an amazing doctor and i always get very good treatment here since the past 15 years that i‚Äôve been with this gp from both him . the staff and nurses here are lovely people as well. i always get the best treatment here and can say that they help a lot ,Very easyVery satisfiedVery goodVery goodVery good,54,0.5519999999999999,0.596,0.0,0.69,0.31,0.9628,positive,,Patient-Doctor Communication
2024-02-22 17:24:49,Earls Court Surgery,Fairly easy,Neither satisfied nor dissatisfied,Neither good nor poor,Fairly good,Fairly poor,,Fairly easyNeither satisfied nor dissatisfiedNeither good nor poorFairly goodFairly poor,0,0.0,0.0,0.0,0.0,0.0,0.0,neutral,,
2024-02-22 17:26:25,Earls Court Surgery,Fairly easy,Fairly satisfied,Fairly good,Neither good nor poor,Neither good nor poor,,Fairly easyFairly satisfiedFairly goodNeither good nor poorNeither good nor poor,0,0.0,0.0,0.0,0.0,0.0,0.0,neutral,,
2024-02-22 17:31:41,Earls Court Surgery,Very easy,Very satisfied,Very good,Very good,Very good,no problems - i always get a valuable personal response from dr adib.,Very easyVery satisfiedVery goodVery goodVery good,13,0.0,0.3,0.327,0.467,0.207,-0.2023,negative,,Doctor Consultations
2024-02-22 17:33:46,Earls Court Surgery,Fairly easy,Very satisfied,Very good,Very good,Very good,i am spoken to and treated very respectfully by the reception staff .  i always have a very good  experience as a patient of the practice for many years now . thank you . ,Fairly easyVery satisfiedVery goodVery goodVery good,34,0.6866666666666666,0.73,0.0,0.734,0.266,0.8265,positive,,Reception Staff Interaction
2024-02-22 17:47:05,Earls Court Surgery,Very easy,Very satisfied,Very good,Very good,Very good,,Very easyVery satisfiedVery goodVery goodVery good,0,0.0,0.0,0.0,0.0,0.0,0.0,neutral,,
2024-02-22 17:48:17,Earls Court Surgery,Very easy,Very satisfied,Very good,Very good,Very good,"i have only used the earl's court surgery once. it was after i went to a&e because i was peeing blood. it was on a saturday. there dr adib told me to come and visit him in his surgery on monday, and got me an appointment with specialists at another hospital a few days later. within less than a week of my original meeting with him, i saw dr adib again, who told me that the results of the tests showed that it was nothing serious. this was about five years ago. i was genuinely amazed by how swift and efficient the whole experience was.",Very easyVery satisfiedVery goodVery goodVery good,105,0.034375,0.4354166666666667,0.0,0.89,0.11,0.8527,positive,,Patient-Doctor Communication
2024-02-22 17:57:12,Earls Court Surgery,Not at all easy,Very dissatisfied,Very poor,Very poor,Neither good nor poor,"terrible service, 2 completely unprepared attendants, rude to the extreme, i haven't been there for a while and i hope they have changed, i prefer to self-medicate rather than go through this humiliation when i need assistance, i feel sorry for anyone who needs to access this service in this gp.",Not at all easyVery dissatisfiedVery poorVery poorNeither good nor poor,51,-0.365,0.8,0.223,0.723,0.054,-0.8457,negative,,Ambiance of Facility
2024-02-22 18:01:52,Earls Court Surgery,Very easy,Very satisfied,Very good,Very good,Very good,,Very easyVery satisfiedVery goodVery goodVery good,0,0.0,0.0,0.0,0.0,0.0,0.0,neutral,,
2024-02-22 18:02:05,Earls Court Surgery,Fairly easy,Fairly satisfied,Very good,Very good,Very good,,Fairly easyFairly satisfiedVery goodVery goodVery good,0,0.0,0.0,0.0,0.0,0.0,0.0,neutral,,
2024-02-22 18:02:15,Earls Court Surgery,Very easy,Very satisfied,Very good,Very good,Very good,,Very easyVery satisfiedVery goodVery goodVery good,0,0.0,0.0,0.0,0.0,0.0,0.0,neutral,,
2024-02-22 18:02:16,Earls Court Surgery,Very easy,Very satisfied,Very good,Very good,Very good,,Very easyVery satisfiedVery goodVery goodVery good,0,0.0,0.0,0.0,0.0,0.0,0.0,neutral,,
2024-02-22 18:02:17,Earls Court Surgery,Very easy,Very satisfied,Very good,Very good,Very good,all good ,Very easyVery satisfiedVery goodVery goodVery good,2,0.7,0.6000000000000001,0.0,0.256,0.744,0.4404,positive,,Overall Patient Satisfaction
2024-02-22 18:02:25,Earls Court Surgery,Very easy,Very satisfied,Very good,Very good,Very good,,Very easyVery satisfiedVery goodVery goodVery good,0,0.0,0.0,0.0,0.0,0.0,0.0,neutral,,
2024-02-22 18:02:33,Earls Court Surgery,Very easy,Very satisfied,Very good,Very good,Very good,,Very easyVery satisfiedVery goodVery goodVery good,0,0.0,0.0,0.0,0.0,0.0,0.0,neutral,,
2024-02-22 18:02:37,Earls Court Surgery,Fairly easy,Very satisfied,Very good,Very good,Very good,,Fairly easyVery satisfiedVery goodVery goodVery good,0,0.0,0.0,0.0,0.0,0.0,0.0,neutral,,
2024-02-22 18:02:58,Earls Court Surgery,Fairly easy,Fairly satisfied,Fairly good,Fairly good,Fairly good,,Fairly easyFairly satisfiedFairly goodFairly goodFairly good,0,0.0,0.0,0.0,0.0,0.0,0.0,neutral,,
2024-02-22 18:03:01,Earls Court Surgery,Fairly easy,Very satisfied,Fairly good,Very good,Neither good nor poor,,Fairly easyVery satisfiedFairly goodVery goodNeither good nor poor,0,0.0,0.0,0.0,0.0,0.0,0.0,neutral,,
2024-02-22 18:03:07,Earls Court Surgery,Very easy,Very satisfied,Very good,Very good,Very good,,Very easyVery satisfiedVery goodVery goodVery good,0,0.0,0.0,0.0,0.0,0.0,0.0,neutral,,
2024-02-22 18:03:08,Earls Court Surgery,Very easy,Very satisfied,Very good,Very good,Very good,,Very easyVery satisfiedVery goodVery goodVery good,0,0.0,0.0,0.0,0.0,0.0,0.0,neutral,,
2024-02-22 18:03:14,Earls Court Surgery,Very easy,Very satisfied,Very good,Very good,Fairly good,,Very easyVery satisfiedVery goodVery goodFairly good,0,0.0,0.0,0.0,0.0,0.0,0.0,neutral,,
2024-02-22 18:03:16,Earls Court Surgery,Fairly easy,Fairly satisfied,Fairly good,Very good,Neither good nor poor,,Fairly easyFairly satisfiedFairly goodVery goodNeither good nor poor,0,0.0,0.0,0.0,0.0,0.0,0.0,neutral,,
2024-02-22 18:03:29,Earls Court Surgery,Very easy,Very satisfied,Very good,Very good,Very good,,Very easyVery satisfiedVery goodVery goodVery good,0,0.0,0.0,0.0,0.0,0.0,0.0,neutral,,
2024-02-22 18:03:37,Earls Court Surgery,Very easy,Very satisfied,Very good,Very good,Neither good nor poor,,Very easyVery satisfiedVery goodVery goodNeither good nor poor,0,0.0,0.0,0.0,0.0,0.0,0.0,neutral,,
2024-02-22 18:03:39,Earls Court Surgery,Fairly easy,Fairly satisfied,Fairly good,Very good,Fairly good,,Fairly easyFairly satisfiedFairly goodVery goodFairly good,0,0.0,0.0,0.0,0.0,0.0,0.0,neutral,,
2024-02-22 18:03:46,Earls Court Surgery,Very easy,Very satisfied,Very good,Very good,Very good,,Very easyVery satisfiedVery goodVery goodVery good,0,0.0,0.0,0.0,0.0,0.0,0.0,neutral,,
2024-02-22 18:04:01,Earls Court Surgery,Fairly easy,Fairly dissatisfied,Neither good nor poor,Fairly good,Neither good nor poor,,Fairly easyFairly dissatisfiedNeither good nor poorFairly goodNeither good nor poor,0,0.0,0.0,0.0,0.0,0.0,0.0,neutral,,
2024-02-22 18:04:07,Earls Court Surgery,Very easy,Very satisfied,Very good,Very good,Very good,,Very easyVery satisfiedVery goodVery goodVery good,0,0.0,0.0,0.0,0.0,0.0,0.0,neutral,,
2024-02-22 18:04:08,Earls Court Surgery,Very easy,Very satisfied,Very good,Very good,Very good,,Very easyVery satisfiedVery goodVery goodVery good,0,0.0,0.0,0.0,0.0,0.0,0.0,neutral,,
2024-02-22 18:04:17,Earls Court Surgery,Very easy,Very satisfied,Fairly good,Fairly good,Very good,,Very easyVery satisfiedFairly goodFairly goodVery good,0,0.0,0.0,0.0,0.0,0.0,0.0,neutral,,
2024-02-22 18:04:32,Earls Court Surgery,Very easy,Very satisfied,Very good,Very good,Very good,,Very easyVery satisfiedVery goodVery goodVery good,0,0.0,0.0,0.0,0.0,0.0,0.0,neutral,,
2024-02-22 18:04:45,Earls Court Surgery,Fairly easy,Very satisfied,Very good,Very good,Fairly good,,Fairly easyVery satisfiedVery goodVery goodFairly good,0,0.0,0.0,0.0,0.0,0.0,0.0,neutral,,
2024-02-22 18:04:55,Earls Court Surgery,Very easy,Very satisfied,Very good,Very good,Very good,,Very easyVery satisfiedVery goodVery goodVery good,0,0.0,0.0,0.0,0.0,0.0,0.0,neutral,,
2024-02-22 18:05:01,Earls Court Surgery,Not at all easy,Very dissatisfied,Very poor,Very poor,Very poor,,Not at all easyVery dissatisfiedVery poorVery poorVery poor,0,0.0,0.0,0.0,0.0,0.0,0.0,neutral,,
2024-02-22 18:05:07,Earls Court Surgery,Fairly easy,Neither satisfied nor dissatisfied,Fairly good,Very good,Fairly good,,Fairly easyNeither satisfied nor dissatisfiedFairly goodVery goodFairly good,0,0.0,0.0,0.0,0.0,0.0,0.0,neutral,,
2024-02-22 18:05:21,Earls Court Surgery,Very easy,Very satisfied,Very good,Very good,Neither good nor poor,friendly reception staff and nurse. like my doctor,Very easyVery satisfiedVery goodVery goodNeither good nor poor,8,0.375,0.5,0.0,0.513,0.487,0.6908,positive,,Reception Staff Interaction
2024-02-22 18:05:27,Earls Court Surgery,Very easy,Fairly satisfied,Fairly good,Fairly good,Neither good nor poor,,Very easyFairly satisfiedFairly goodFairly goodNeither good nor poor,0,0.0,0.0,0.0,0.0,0.0,0.0,neutral,,
2024-02-22 18:05:30,Earls Court Surgery,Very easy,Fairly satisfied,Very good,Very good,Very good,,Very easyFairly satisfiedVery goodVery goodVery good,0,0.0,0.0,0.0,0.0,0.0,0.0,neutral,,
2024-02-22 18:05:33,Earls Court Surgery,Fairly easy,Very satisfied,Very good,Very good,Neither good nor poor,,Fairly easyVery satisfiedVery goodVery goodNeither good nor poor,0,0.0,0.0,0.0,0.0,0.0,0.0,neutral,,
2024-02-22 18:05:38,Earls Court Surgery,Very easy,Very satisfied,Very good,Very good,Neither good nor poor,,Very easyVery satisfiedVery goodVery goodNeither good nor poor,0,0.0,0.0,0.0,0.0,0.0,0.0,neutral,,
2024-02-22 18:05:56,Earls Court Surgery,Very easy,Very satisfied,Very good,Very good,Very good,,Very easyVery satisfiedVery goodVery goodVery good,0,0.0,0.0,0.0,0.0,0.0,0.0,neutral,,
2024-02-22 18:06:45,Earls Court Surgery,Very easy,Very satisfied,Very good,Very good,Very good,,Very easyVery satisfiedVery goodVery goodVery good,0,0.0,0.0,0.0,0.0,0.0,0.0,neutral,,
2024-02-22 18:06:46,Earls Court Surgery,Very easy,Very satisfied,Very good,Very good,Fairly good,very friendly reception staff and super good medical advices,Very easyVery satisfiedVery goodVery goodFairly good,9,0.3802083333333333,0.4791666666666667,0.0,0.368,0.632,0.8832,positive,,Reception Staff Interaction
2024-02-22 18:06:48,Earls Court Surgery,Very easy,Very satisfied,Very good,Very good,Very good,"no, everything is okay ",Very easyVery satisfiedVery goodVery goodVery good,4,0.5,0.5,0.361,0.328,0.311,-0.0772,negative,,Overall Patient Satisfaction
2024-02-22 18:06:53,Earls Court Surgery,Fairly easy,Fairly satisfied,Fairly good,Fairly good,Fairly good,,Fairly easyFairly satisfiedFairly goodFairly goodFairly good,0,0.0,0.0,0.0,0.0,0.0,0.0,neutral,,
2024-02-22 18:06:55,Earls Court Surgery,Very easy,Very satisfied,Very good,Very good,Very good,"all the staff from the reception christine, joy lula and the other team is very kind, patient and helpful. i‚Äôm very happy with my surgery ",Very easyVery satisfiedVery goodVery goodVery good,25,0.61375,0.64375,0.0,0.595,0.405,0.9359,positive,,Reception Staff Interaction
2024-02-22 18:07:54,Earls Court Surgery,Very easy,Very satisfied,Very good,Very good,Very good,they are very friendly & caring i really appreciate there thoughtfulness.,Very easyVery satisfiedVery goodVery goodVery good,11,0.34375,0.425,0.0,0.276,0.724,0.9206,positive,,Overall Patient Satisfaction
2024-02-22 18:07:55,Earls Court Surgery,Very easy,Very satisfied,Very good,Very good,Very good,,Very easyVery satisfiedVery goodVery goodVery good,0,0.0,0.0,0.0,0.0,0.0,0.0,neutral,,
2024-02-22 18:07:59,Earls Court Surgery,Very easy,Very satisfied,Very good,Very good,Very good,,Very easyVery satisfiedVery goodVery goodVery good,0,0.0,0.0,0.0,0.0,0.0,0.0,neutral,,
2024-02-22 18:08:03,Earls Court Surgery,Very easy,Very satisfied,Very good,Very good,Very good,,Very easyVery satisfiedVery goodVery goodVery good,0,0.0,0.0,0.0,0.0,0.0,0.0,neutral,,
2024-02-22 18:08:27,Earls Court Surgery,Fairly easy,Very satisfied,Very good,Very good,Neither good nor poor,,Fairly easyVery satisfiedVery goodVery goodNeither good nor poor,0,0.0,0.0,0.0,0.0,0.0,0.0,neutral,,
2024-02-22 18:08:28,Earls Court Surgery,Very easy,Very satisfied,Very good,Very good,Very good,reception staff are very kind and efficient.seeing the doctor depending how busy he is and if urgent will call and discuss problem on the phone.,Very easyVery satisfiedVery goodVery goodVery good,25,0.44,0.65,0.089,0.729,0.182,0.4201,positive,,Reception Staff Interaction
2024-02-22 18:08:48,Earls Court Surgery,Fairly easy,Neither satisfied nor dissatisfied,Neither good nor poor,Fairly good,Very good,,Fairly easyNeither satisfied nor dissatisfiedNeither good nor poorFairly goodVery good,0,0.0,0.0,0.0,0.0,0.0,0.0,neutral,,
2024-02-22 18:08:50,Earls Court Surgery,Not very easy,Fairly satisfied,Fairly good,Fairly good,Neither good nor poor,i think dr emiliani and the nurses are great!,Not very easyFairly satisfiedFairly goodFairly goodNeither good nor poor,9,1.0,0.75,0.0,0.614,0.386,0.6588,positive,,Medical Staff Competence
2024-02-22 18:09:28,Earls Court Surgery,Very easy,Very satisfied,Very good,Very good,Very good,i'm happy  with  them  ..when  they  treat me nicely and very well. ,Very easyVery satisfiedVery goodVery goodVery good,12,0.5333333333333333,0.7666666666666666,0.0,0.406,0.594,0.8932,positive,,Overall Patient Satisfaction
2024-02-22 18:10:05,Earls Court Surgery,Very easy,Very satisfied,Very good,Neither good nor poor,Neither good nor poor,,Very easyVery satisfiedVery goodNeither good nor poorNeither good nor poor,0,0.0,0.0,0.0,0.0,0.0,0.0,neutral,,
2024-02-22 18:10:07,Earls Court Surgery,Very easy,Very satisfied,Very good,Very good,Very good,,Very easyVery satisfiedVery goodVery goodVery good,0,0.0,0.0,0.0,0.0,0.0,0.0,neutral,,
2024-02-22 18:10:38,Earls Court Surgery,Very easy,Very satisfied,Very good,Very good,Neither good nor poor,,Very easyVery satisfiedVery goodVery goodNeither good nor poor,0,0.0,0.0,0.0,0.0,0.0,0.0,neutral,,
2024-02-22 18:11:15,Earls Court Surgery,Very easy,Very satisfied,Very good,Very good,Very good,,Very easyVery satisfiedVery goodVery goodVery good,0,0.0,0.0,0.0,0.0,0.0,0.0,neutral,,
2024-02-22 18:11:29,Earls Court Surgery,Very easy,Neither satisfied nor dissatisfied,Fairly good,Very good,Very good,would be a üßçüèªt more happier if i could book a face to face appointment on line. ,Very easyNeither satisfied nor dissatisfiedFairly goodVery goodVery good,17,0.5,0.5,0.0,0.779,0.221,0.5709,positive,,Overall Patient Satisfaction
2024-02-22 18:11:34,Earls Court Surgery,Very easy,Very satisfied,Very good,Very good,Very good,,Very easyVery satisfiedVery goodVery goodVery good,0,0.0,0.0,0.0,0.0,0.0,0.0,neutral,,
2024-02-22 18:12:05,Earls Court Surgery,Very easy,Very satisfied,Very good,Very good,Very good,,Very easyVery satisfiedVery goodVery goodVery good,0,0.0,0.0,0.0,0.0,0.0,0.0,neutral,,
2024-02-22 18:12:49,Earls Court Surgery,Very easy,Very satisfied,Very good,Very good,Very good,,Very easyVery satisfiedVery goodVery goodVery good,0,0.0,0.0,0.0,0.0,0.0,0.0,neutral,,
2024-02-22 18:12:52,Earls Court Surgery,Very easy,Very satisfied,Very good,Very good,Very good,,Very easyVery satisfiedVery goodVery goodVery good,0,0.0,0.0,0.0,0.0,0.0,0.0,neutral,,
2024-02-22 18:13:08,Earls Court Surgery,Fairly easy,Fairly satisfied,Fairly good,Fairly good,Fairly good,,Fairly easyFairly satisfiedFairly goodFairly goodFairly good,0,0.0,0.0,0.0,0.0,0.0,0.0,neutral,,
2024-02-22 18:14:31,Earls Court Surgery,Fairly easy,Fairly satisfied,Fairly good,Very good,Neither good nor poor,the reception staff are always friendly professional & polite. the doctors are great people - caring & professional. the only problem is booking an appointment can take up to a week to see a doctor. ,Fairly easyFairly satisfiedFairly goodVery goodNeither good nor poor,35,0.275,0.49,0.069,0.663,0.268,0.8316,positive,,Reception Staff Interaction
2024-02-22 18:15:06,Earls Court Surgery,Very easy,Very satisfied,Very good,Very good,Very good,,Very easyVery satisfiedVery goodVery goodVery good,0,0.0,0.0,0.0,0.0,0.0,0.0,neutral,,
2024-02-22 18:15:50,Earls Court Surgery,Fairly easy,Very satisfied,Very good,Very good,Fairly good,i would like to make my appointments with my gp (emiliani orietta) directly on the site ,Fairly easyVery satisfiedVery goodVery goodFairly good,16,0.1,0.4,0.0,0.848,0.152,0.3612,positive,,Patient-Doctor Communication
2024-02-22 18:16:36,Earls Court Surgery,Fairly easy,Fairly satisfied,Fairly good,Fairly good,Fairly good,,Fairly easyFairly satisfiedFairly goodFairly goodFairly good,0,0.0,0.0,0.0,0.0,0.0,0.0,neutral,,
2024-02-22 18:17:50,Earls Court Surgery,Very easy,Very satisfied,Very good,Very good,Very good,"my gp give a very good quality service,  also a good listener regarding my health. the reception staff are very frendly and welcoming they provide a good service. ",Very easyVery satisfiedVery goodVery goodVery good,28,0.6275,0.5700000000000001,0.0,0.622,0.378,0.9143,positive,,Patient-Doctor Communication
2024-02-22 18:18:05,Earls Court Surgery,Very easy,Fairly satisfied,Fairly poor,Neither good nor poor,Neither good nor poor,,Very easyFairly satisfiedFairly poorNeither good nor poorNeither good nor poor,0,0.0,0.0,0.0,0.0,0.0,0.0,neutral,,
2024-02-22 18:19:31,Earls Court Surgery,Very easy,Very satisfied,Very good,Very good,Very good,,Very easyVery satisfiedVery goodVery goodVery good,0,0.0,0.0,0.0,0.0,0.0,0.0,neutral,,
2024-02-22 18:19:40,Earls Court Surgery,Very easy,Very satisfied,Fairly good,Very good,Fairly good,,Very easyVery satisfiedFairly goodVery goodFairly good,0,0.0,0.0,0.0,0.0,0.0,0.0,neutral,,
2024-02-22 18:19:52,Earls Court Surgery,Not very easy,Fairly satisfied,Very good,Very good,Very good,very good ,Not very easyFairly satisfiedVery goodVery goodVery good,2,0.91,0.7800000000000001,0.0,0.238,0.762,0.4927,positive,,Overall Patient Satisfaction
2024-02-22 18:20:01,Earls Court Surgery,Very easy,Very satisfied,Very good,Very good,Fairly good,,Very easyVery satisfiedVery goodVery goodFairly good,0,0.0,0.0,0.0,0.0,0.0,0.0,neutral,,
2024-02-22 18:20:31,Earls Court Surgery,Very easy,Very satisfied,Very good,Very good,Neither good nor poor,"receptionist always very happy to help, and doctors easy to talk to. could have a water dispecer. ",Very easyVery satisfiedVery goodVery goodNeither good nor poor,17,0.7166666666666667,0.9166666666666669,0.0,0.569,0.431,0.8707,positive,,Reception Staff Interaction
2024-02-22 18:20:48,Earls Court Surgery,Very easy,Very satisfied,Very good,Very good,Very good,very good mi trovo benissimo con la dottoressa emiliani molto professionale √® molto umana grazie ,Very easyVery satisfiedVery goodVery goodVery good,15,0.91,0.7800000000000001,0.0,0.803,0.197,0.4927,positive,,Overall Patient Satisfaction
2024-02-22 18:21:32,Earls Court Surgery,Very easy,Fairly satisfied,Very good,Very good,Neither good nor poor,"reception staff were helpful ,it was a phone call for the doctor to ring me regarding my husband health .",Very easyFairly satisfiedVery goodVery goodNeither good nor poor,20,0.0,0.0,0.0,0.859,0.141,0.4215,positive,,Reception Staff Interaction
2024-02-22 18:22:34,Earls Court Surgery,Very easy,Very satisfied,Very good,Very good,Fairly good,,Very easyVery satisfiedVery goodVery goodFairly good,0,0.0,0.0,0.0,0.0,0.0,0.0,neutral,,
2024-02-22 18:22:35,Earls Court Surgery,Very easy,Very satisfied,Very good,Very good,Very good,,Very easyVery satisfiedVery goodVery goodVery good,0,0.0,0.0,0.0,0.0,0.0,0.0,neutral,,
2024-02-22 18:22:48,Earls Court Surgery,Very easy,Very satisfied,Very good,Very good,Very good,,Very easyVery satisfiedVery goodVery goodVery good,0,0.0,0.0,0.0,0.0,0.0,0.0,neutral,,
2024-02-22 18:22:53,Earls Court Surgery,Very easy,Very satisfied,Very good,Fairly good,Fairly good,,Very easyVery satisfiedVery goodFairly goodFairly good,0,0.0,0.0,0.0,0.0,0.0,0.0,neutral,,
2024-02-22 18:23:48,Earls Court Surgery,Very easy,Very satisfied,Very good,Very good,Very good,,Very easyVery satisfiedVery goodVery goodVery good,0,0.0,0.0,0.0,0.0,0.0,0.0,neutral,,
2024-02-22 18:25:16,Earls Court Surgery,Fairly easy,Fairly satisfied,Very good,Very good,Fairly good,all good and positive.,Fairly easyFairly satisfiedVery goodVery goodFairly good,4,0.4636363636363636,0.5727272727272728,0.0,0.235,0.765,0.7579,positive,,Overall Patient Satisfaction
2024-02-22 18:27:15,Earls Court Surgery,Very easy,Very satisfied,Very good,Very good,Fairly good,,Very easyVery satisfiedVery goodVery goodFairly good,0,0.0,0.0,0.0,0.0,0.0,0.0,neutral,,
2024-02-22 18:27:46,Earls Court Surgery,Very easy,Very satisfied,Very good,Very good,Fairly good,xx,Very easyVery satisfiedVery goodVery goodFairly good,1,0.0,0.0,0.0,1.0,0.0,0.0,neutral,,Follow-Up and Continuity of Care
2024-02-22 18:28:55,Earls Court Surgery,Very easy,Fairly satisfied,Fairly good,Very good,Fairly good,,Very easyFairly satisfiedFairly goodVery goodFairly good,0,0.0,0.0,0.0,0.0,0.0,0.0,neutral,,
2024-02-22 18:31:14,Earls Court Surgery,Very easy,Very satisfied,Very good,Very good,Fairly good,extremely satisfied and the staff are very friendly and polite:-) ,Very easyVery satisfiedVery goodVery goodFairly good,10,0.4958333333333333,0.8833333333333333,0.0,0.548,0.452,0.764,positive,,Overall Patient Satisfaction
2024-02-22 18:31:30,Earls Court Surgery,Fairly easy,Very satisfied,Fairly good,Very good,Very good,,Fairly easyVery satisfiedFairly goodVery goodVery good,0,0.0,0.0,0.0,0.0,0.0,0.0,neutral,,
2024-02-22 18:33:11,Earls Court Surgery,Very easy,Very satisfied,Very good,Very good,Very good,reception  friendly &helpfull  and professional ,Very easyVery satisfiedVery goodVery goodVery good,5,0.2375,0.3,0.0,0.556,0.444,0.4939,positive,,Ambiance of Facility
2024-02-22 18:34:42,Earls Court Surgery,Fairly easy,Fairly satisfied,Fairly good,Fairly good,Fairly good,happy with my surgery - not had any issues with them (in 13 years!) that i hear others have faced with theirs.,Fairly easyFairly satisfiedFairly goodFairly goodFairly good,22,1.0,1.0,0.0,0.826,0.174,0.6114,positive,,Health Outcome Satisfaction
2024-02-22 18:35:30,Earls Court Surgery,Fairly easy,Fairly satisfied,Fairly good,Fairly good,Fairly good,,Fairly easyFairly satisfiedFairly goodFairly goodFairly good,0,0.0,0.0,0.0,0.0,0.0,0.0,neutral,,
2024-02-22 18:40:01,Earls Court Surgery,Very easy,Very satisfied,Very good,Very good,Neither good nor poor,"i don‚Äôt use the website, but everything i do with the surgery is fantastically good. many thanks",Very easyVery satisfiedVery goodVery goodNeither good nor poor,17,0.4666666666666666,0.4333333333333333,0.0,0.628,0.372,0.8271,positive,,Health Outcome Satisfaction
2024-02-22 18:40:32,Earls Court Surgery,Very easy,Fairly satisfied,Very good,Very good,Fairly good,,Very easyFairly satisfiedVery goodVery goodFairly good,0,0.0,0.0,0.0,0.0,0.0,0.0,neutral,,
2024-02-22 18:42:41,Earls Court Surgery,Fairly easy,Very dissatisfied,Neither good nor poor,Fairly good,Neither good nor poor,,Fairly easyVery dissatisfiedNeither good nor poorFairly goodNeither good nor poor,0,0.0,0.0,0.0,0.0,0.0,0.0,neutral,,
2024-02-22 18:44:31,Earls Court Surgery,Very easy,Very satisfied,Very good,Very good,Very good,,Very easyVery satisfiedVery goodVery goodVery good,0,0.0,0.0,0.0,0.0,0.0,0.0,neutral,,
2024-02-22 18:45:06,Earls Court Surgery,Very easy,Very satisfied,Very good,Very good,Neither good nor poor,,Very easyVery satisfiedVery goodVery goodNeither good nor poor,0,0.0,0.0,0.0,0.0,0.0,0.0,neutral,,
2024-02-22 18:46:21,Earls Court Surgery,Very easy,Very satisfied,Very good,Very good,Fairly good,,Very easyVery satisfiedVery goodVery goodFairly good,0,0.0,0.0,0.0,0.0,0.0,0.0,neutral,,
2024-02-22 18:46:52,Earls Court Surgery,Very easy,Very satisfied,Very good,Very good,Very good,,Very easyVery satisfiedVery goodVery goodVery good,0,0.0,0.0,0.0,0.0,0.0,0.0,neutral,,
2024-02-22 18:48:01,Earls Court Surgery,Fairly easy,Fairly satisfied,Fairly good,Fairly good,Fairly good,,Fairly easyFairly satisfiedFairly goodFairly goodFairly good,0,0.0,0.0,0.0,0.0,0.0,0.0,neutral,,
2024-02-22 18:51:32,Earls Court Surgery,Fairly easy,Very satisfied,Fairly good,Fairly good,Neither good nor poor,,Fairly easyVery satisfiedFairly goodFairly goodNeither good nor poor,1,0.0,0.0,0.0,1.0,0.0,0.0,neutral,,Follow-Up and Continuity of Care
2024-02-22 18:54:24,Earls Court Surgery,Very easy,Very satisfied,Very good,Very good,Very good,,Very easyVery satisfiedVery goodVery goodVery good,0,0.0,0.0,0.0,0.0,0.0,0.0,neutral,,
2024-02-22 18:57:19,Earls Court Surgery,Very easy,Fairly satisfied,Very good,Fairly good,Neither good nor poor,,Very easyFairly satisfiedVery goodFairly goodNeither good nor poor,0,0.0,0.0,0.0,0.0,0.0,0.0,neutral,,
2024-02-22 18:57:47,Earls Court Surgery,Very easy,Very satisfied,Very good,Very good,Very good,,Very easyVery satisfiedVery goodVery goodVery good,0,0.0,0.0,0.0,0.0,0.0,0.0,neutral,,
2024-02-22 18:58:20,Earls Court Surgery,Fairly easy,Fairly satisfied,Fairly good,Fairly good,Fairly good,,Fairly easyFairly satisfiedFairly goodFairly goodFairly good,0,0.0,0.0,0.0,0.0,0.0,0.0,neutral,,
2024-02-22 19:03:45,Earls Court Surgery,Very easy,Fairly satisfied,Fairly good,Very good,Neither good nor poor,,Very easyFairly satisfiedFairly goodVery goodNeither good nor poor,0,0.0,0.0,0.0,0.0,0.0,0.0,neutral,,
2024-02-22 19:07:05,Earls Court Surgery,Very easy,Very satisfied,Very good,Very good,Very good,,Very easyVery satisfiedVery goodVery goodVery good,0,0.0,0.0,0.0,0.0,0.0,0.0,neutral,,
2024-02-22 19:07:21,Earls Court Surgery,Fairly easy,Fairly satisfied,Very good,Very good,Neither good nor poor,"very friendly environment, the staff do all they tp help. so far have had no trouble with treatment. ",Fairly easyFairly satisfiedVery goodVery goodNeither good nor poor,18,0.2291666666666666,0.6166666666666666,0.195,0.558,0.247,0.3167,positive,,Ambiance of Facility
2024-02-22 19:10:25,Earls Court Surgery,Fairly easy,Fairly satisfied,Fairly poor,Fairly good,Neither good nor poor,,Fairly easyFairly satisfiedFairly poorFairly goodNeither good nor poor,0,0.0,0.0,0.0,0.0,0.0,0.0,neutral,,
2024-02-22 19:12:43,Earls Court Surgery,Very easy,Very satisfied,Very good,Very good,Fairly good,,Very easyVery satisfiedVery goodVery goodFairly good,0,0.0,0.0,0.0,0.0,0.0,0.0,neutral,,
2024-02-22 19:13:31,Earls Court Surgery,Very easy,Neither satisfied nor dissatisfied,Very good,Very good,Neither good nor poor,,Very easyNeither satisfied nor dissatisfiedVery goodVery goodNeither good nor poor,0,0.0,0.0,0.0,0.0,0.0,0.0,neutral,,
2024-02-22 19:15:35,Earls Court Surgery,Very easy,Very satisfied,Very good,Very good,Very good,i am always very satisfied with the service,Very easyVery satisfiedVery goodVery goodVery good,8,0.65,1.0,0.0,0.66,0.34,0.4754,positive,,Overall Patient Satisfaction
2024-02-22 19:16:14,Earls Court Surgery,Very easy,Very satisfied,Fairly good,Very good,Very good,thanks for everything ,Very easyVery satisfiedFairly goodVery goodVery good,3,0.2,0.2,0.0,0.408,0.592,0.4404,positive,,Overall Patient Satisfaction
2024-02-22 19:16:51,Earls Court Surgery,Very easy,Very satisfied,Very good,Very good,Very good,"everyone is always very professional and kind, both the reception and the doctors",Very easyVery satisfiedVery goodVery goodVery good,13,0.365,0.515,0.0,0.766,0.234,0.5667,positive,,Reception Staff Interaction
2024-02-22 19:17:19,Earls Court Surgery,Very easy,Very satisfied,Very good,Very good,Very good,"everyone is always very professional and kind, both the reception and the doctors",Very easyVery satisfiedVery goodVery goodVery good,13,0.365,0.515,0.0,0.766,0.234,0.5667,positive,,Reception Staff Interaction
2024-02-22 19:24:05,Earls Court Surgery,Very easy,Very satisfied,Fairly good,Very good,Very good,,Very easyVery satisfiedFairly goodVery goodVery good,0,0.0,0.0,0.0,0.0,0.0,0.0,neutral,,
2024-02-22 19:24:15,Earls Court Surgery,Fairly easy,Very satisfied,Fairly good,Very poor,Neither good nor poor,,Fairly easyVery satisfiedFairly goodVery poorNeither good nor poor,0,0.0,0.0,0.0,0.0,0.0,0.0,neutral,,
2024-02-22 19:28:24,Earls Court Surgery,Very easy,Fairly satisfied,Fairly good,Very good,Fairly good,being able to book also in person appointment and not only face to face online,Very easyFairly satisfiedFairly goodVery goodFairly good,15,0.25,0.8125,0.0,1.0,0.0,0.0,neutral,,Appointment Accessibility
2024-02-22 19:29:17,Earls Court Surgery,Very easy,Very satisfied,Very good,Very good,Very good,the surgery and reception i have found extremely helpful ,Very easyVery satisfiedVery goodVery goodVery good,9,-0.125,1.0,0.0,0.694,0.306,0.4754,positive,,Health Outcome Satisfaction
2024-02-22 19:29:29,Earls Court Surgery,Very easy,Very satisfied,Very good,Very good,Very good,,Very easyVery satisfiedVery goodVery goodVery good,0,0.0,0.0,0.0,0.0,0.0,0.0,neutral,,
2024-02-22 19:30:36,Earls Court Surgery,Very easy,Very satisfied,Very good,Very good,Neither good nor poor,"appointments are very easily available for phone consultation, in person remains harder",Very easyVery satisfiedVery goodVery goodNeither good nor poor,12,0.15,0.2,0.0,0.803,0.197,0.4005,positive,,Telephone Service
2024-02-22 19:34:31,Earls Court Surgery,Fairly easy,Fairly satisfied,Fairly good,Fairly good,Fairly good,,Fairly easyFairly satisfiedFairly goodFairly goodFairly good,0,0.0,0.0,0.0,0.0,0.0,0.0,neutral,,
2024-02-22 19:39:28,Earls Court Surgery,Fairly easy,Very satisfied,Very good,Very good,Very good,,Fairly easyVery satisfiedVery goodVery goodVery good,0,0.0,0.0,0.0,0.0,0.0,0.0,neutral,,
2024-02-22 19:40:39,Earls Court Surgery,Very easy,Very satisfied,Very good,Very good,Very good,,Very easyVery satisfiedVery goodVery goodVery good,0,0.0,0.0,0.0,0.0,0.0,0.0,neutral,,
2024-02-22 19:43:54,Earls Court Surgery,Very easy,Very satisfied,Very good,Very good,Very good,,Very easyVery satisfiedVery goodVery goodVery good,0,0.0,0.0,0.0,0.0,0.0,0.0,neutral,,
2024-02-22 19:48:55,Earls Court Surgery,Very easy,Very satisfied,Very good,Very good,Very good,staff is always kind and helpful. thank you.,Very easyVery satisfiedVery goodVery goodVery good,8,0.6,0.9,0.0,0.365,0.635,0.8271,positive,,Overall Patient Satisfaction
2024-02-22 19:49:20,Earls Court Surgery,Fairly easy,Very satisfied,Very good,Very good,Fairly good,,Fairly easyVery satisfiedVery goodVery goodFairly good,0,0.0,0.0,0.0,0.0,0.0,0.0,neutral,,
2024-02-22 19:54:34,Earls Court Surgery,Very easy,Very satisfied,Fairly good,Fairly good,Very poor,,Very easyVery satisfiedFairly goodFairly goodVery poor,0,0.0,0.0,0.0,0.0,0.0,0.0,neutral,,
2024-02-22 19:58:27,Earls Court Surgery,Fairly easy,Fairly satisfied,Fairly good,Neither good nor poor,Neither good nor poor,,Fairly easyFairly satisfiedFairly goodNeither good nor poorNeither good nor poor,0,0.0,0.0,0.0,0.0,0.0,0.0,neutral,,
2024-02-22 20:00:49,Earls Court Surgery,Very easy,Very satisfied,Very good,Fairly good,Neither good nor poor,,Very easyVery satisfiedVery goodFairly goodNeither good nor poor,0,0.0,0.0,0.0,0.0,0.0,0.0,neutral,,
2024-02-22 20:06:47,Earls Court Surgery,Very easy,Very satisfied,Very good,Very good,Very good,i am  very satisfied and very  happy about  my care from all staffs of the surgery.,Very easyVery satisfiedVery goodVery goodVery good,16,0.825,1.0,0.0,0.538,0.462,0.883,positive,,Health Outcome Satisfaction
2024-02-22 20:20:33,Earls Court Surgery,Fairly easy,Very satisfied,Very good,Very good,Neither good nor poor,dr hogan was very helpful,Fairly easyVery satisfiedVery goodVery goodNeither good nor poor,5,0.2,0.3,0.0,0.564,0.436,0.4754,positive,,Doctor Consultations
2024-02-22 20:20:43,Earls Court Surgery,Very easy,Fairly satisfied,Fairly good,Fairly good,Neither good nor poor,,Very easyFairly satisfiedFairly goodFairly goodNeither good nor poor,0,0.0,0.0,0.0,0.0,0.0,0.0,neutral,,
2024-02-22 20:21:09,Earls Court Surgery,Very easy,Very satisfied,Very good,Very good,Very good,,Very easyVery satisfiedVery goodVery goodVery good,0,0.0,0.0,0.0,0.0,0.0,0.0,neutral,,
2024-02-22 20:34:10,Earls Court Surgery,Not very easy,Fairly satisfied,Fairly good,Fairly good,Neither good nor poor,,Not very easyFairly satisfiedFairly goodFairly goodNeither good nor poor,0,0.0,0.0,0.0,0.0,0.0,0.0,neutral,,
2024-02-22 20:37:21,Earls Court Surgery,Very easy,Very satisfied,Very good,Very good,Fairly good,,Very easyVery satisfiedVery goodVery goodFairly good,0,0.0,0.0,0.0,0.0,0.0,0.0,neutral,,
2024-02-22 20:42:24,Earls Court Surgery,Very easy,Very satisfied,Very good,Very good,Very good,,Very easyVery satisfiedVery goodVery goodVery good,0,0.0,0.0,0.0,0.0,0.0,0.0,neutral,,
2024-02-22 20:49:12,Earls Court Surgery,Very easy,Very satisfied,Very good,Very good,Neither good nor poor,,Very easyVery satisfiedVery goodVery goodNeither good nor poor,0,0.0,0.0,0.0,0.0,0.0,0.0,neutral,,
2024-02-22 20:53:22,Earls Court Surgery,Very easy,Very satisfied,Very good,Very good,Neither good nor poor,"truly welcoming and helpful reception staff. doctor, as always, patient and thorough. bothers to listen and to explain. i realise how fortunate i am when i hear of the very different experiences of friends and family with other practices. i give my thanks to all concerned.
i do not normally use the web site so cannot honestly comment on that.as response is required, i have ticked the non commital centre!",Very easyVery satisfiedVery goodVery goodNeither good nor poor,70,0.1916666666666666,0.6008333333333333,0.092,0.686,0.222,0.8869,positive,,Reception Staff Interaction
2024-02-22 20:55:35,Earls Court Surgery,Very easy,Very satisfied,Very good,Very good,Very good,,Very easyVery satisfiedVery goodVery goodVery good,0,0.0,0.0,0.0,0.0,0.0,0.0,neutral,,
2024-02-22 21:01:09,Earls Court Surgery,Fairly easy,Fairly satisfied,Fairly good,Fairly good,Fairly good,,Fairly easyFairly satisfiedFairly goodFairly goodFairly good,0,0.0,0.0,0.0,0.0,0.0,0.0,neutral,,
2024-02-22 21:06:22,Earls Court Surgery,Very easy,Fairly satisfied,Very good,Very good,Very good,te receptionist are friendly and good customer service.,Very easyFairly satisfiedVery goodVery goodVery good,8,0.5375,0.55,0.0,0.496,0.504,0.7269,positive,,Reception Staff Interaction
2024-02-22 21:07:34,Earls Court Surgery,Fairly easy,Fairly satisfied,Fairly good,Fairly good,Neither good nor poor,,Fairly easyFairly satisfiedFairly goodFairly goodNeither good nor poor,0,0.0,0.0,0.0,0.0,0.0,0.0,neutral,,
2024-02-22 21:08:14,Earls Court Surgery,Very easy,Very satisfied,Very good,Very good,Very good,,Very easyVery satisfiedVery goodVery goodVery good,0,0.0,0.0,0.0,0.0,0.0,0.0,neutral,,
2024-02-22 21:08:31,Earls Court Surgery,Fairly easy,Fairly satisfied,Fairly good,Very good,Fairly good,,Fairly easyFairly satisfiedFairly goodVery goodFairly good,0,0.0,0.0,0.0,0.0,0.0,0.0,neutral,,
2024-02-22 21:08:39,Earls Court Surgery,Very easy,Very satisfied,Very good,Very good,Fairly good,,Very easyVery satisfiedVery goodVery goodFairly good,0,0.0,0.0,0.0,0.0,0.0,0.0,neutral,,
2024-02-22 21:08:40,Earls Court Surgery,Very easy,Very satisfied,Very good,Very good,Very good,,Very easyVery satisfiedVery goodVery goodVery good,0,0.0,0.0,0.0,0.0,0.0,0.0,neutral,,
2024-02-22 21:09:24,Earls Court Surgery,Fairly easy,Fairly satisfied,Very good,Very good,Neither good nor poor,,Fairly easyFairly satisfiedVery goodVery goodNeither good nor poor,0,0.0,0.0,0.0,0.0,0.0,0.0,neutral,,
2024-02-22 21:09:57,Earls Court Surgery,Fairly easy,Fairly satisfied,Neither good nor poor,Fairly good,Neither good nor poor,,Fairly easyFairly satisfiedNeither good nor poorFairly goodNeither good nor poor,0,0.0,0.0,0.0,0.0,0.0,0.0,neutral,,
2024-02-22 21:10:00,Earls Court Surgery,Very easy,Very satisfied,Very good,Very good,Fairly good,,Very easyVery satisfiedVery goodVery goodFairly good,0,0.0,0.0,0.0,0.0,0.0,0.0,neutral,,
2024-02-22 21:10:53,Earls Court Surgery,Very easy,Very satisfied,Very good,Very good,Very good,,Very easyVery satisfiedVery goodVery goodVery good,0,0.0,0.0,0.0,0.0,0.0,0.0,neutral,,
2024-02-22 21:10:59,Earls Court Surgery,Very easy,Very satisfied,Very good,Very good,Very good,all ways very good,Very easyVery satisfiedVery goodVery goodVery good,4,0.91,0.7800000000000001,0.0,0.484,0.516,0.4927,positive,,Overall Patient Satisfaction
2024-02-22 21:11:01,Earls Court Surgery,Fairly easy,Neither satisfied nor dissatisfied,Neither good nor poor,Neither good nor poor,Fairly good,,Fairly easyNeither satisfied nor dissatisfiedNeither good nor poorNeither good nor poorFairly good,0,0.0,0.0,0.0,0.0,0.0,0.0,neutral,,
2024-02-22 21:12:24,Earls Court Surgery,Very easy,Very satisfied,Very good,Fairly good,Fairly good,"my experience has been positive since joining with this surgery and the staff have been kind, helpful and good natured. i have always been able to get through to reception staff and receive appointments that i need.  ",Very easyVery satisfiedVery goodFairly goodFairly good,37,0.5068181818181818,0.6676136363636364,0.0,0.709,0.291,0.9136,positive,,Overall Patient Satisfaction
2024-02-22 21:12:59,Earls Court Surgery,Fairly easy,Very satisfied,Very good,Very good,Very good,,Fairly easyVery satisfiedVery goodVery goodVery good,0,0.0,0.0,0.0,0.0,0.0,0.0,neutral,,
2024-02-22 21:13:01,Earls Court Surgery,Fairly easy,Fairly satisfied,Fairly good,Fairly good,Fairly good,,Fairly easyFairly satisfiedFairly goodFairly goodFairly good,0,0.0,0.0,0.0,0.0,0.0,0.0,neutral,,
2024-02-22 21:13:07,Earls Court Surgery,Very easy,Very satisfied,Very good,Very good,Very good,very helpful ,Very easyVery satisfiedVery goodVery goodVery good,2,0.2,0.3,0.0,0.244,0.756,0.4754,positive,,Overall Patient Satisfaction
2024-02-22 21:14:20,Earls Court Surgery,Fairly easy,Fairly satisfied,Fairly good,Fairly good,Fairly good,,Fairly easyFairly satisfiedFairly goodFairly goodFairly good,0,0.0,0.0,0.0,0.0,0.0,0.0,neutral,,
2024-02-22 21:15:31,Earls Court Surgery,Very easy,Very satisfied,Very good,Very good,Very good,,Very easyVery satisfiedVery goodVery goodVery good,0,0.0,0.0,0.0,0.0,0.0,0.0,neutral,,
2024-02-22 21:18:15,Earls Court Surgery,Fairly easy,Fairly satisfied,Very good,Very good,Fairly good,i can only come to surgery when dr emiliani is upstairs as i cannot use stairs as i have in the past had a stroke which makes it difficult for me to goniometro and down stairs.  so i choose the days i know dr emilisnineill be holding her surgery upstairs.,Fairly easyFairly satisfiedVery goodVery goodFairly good,50,-0.2263888888888889,0.6347222222222222,0.055,0.945,0.0,-0.3612,negative,,Patient-Doctor Communication
2024-02-22 21:19:38,Earls Court Surgery,Very easy,Very satisfied,Very good,Very good,Very good,,Very easyVery satisfiedVery goodVery goodVery good,0,0.0,0.0,0.0,0.0,0.0,0.0,neutral,,
2024-02-22 21:22:25,Earls Court Surgery,Fairly easy,Fairly satisfied,Fairly good,Very good,Neither good nor poor,,Fairly easyFairly satisfiedFairly goodVery goodNeither good nor poor,0,0.0,0.0,0.0,0.0,0.0,0.0,neutral,,
2024-02-22 21:23:55,Earls Court Surgery,Very easy,Very satisfied,Very good,Very good,Very good,"i have always got to have an appointment very quick. doctor adib has been our gp for years and we are very pleased with the surgery services,, everything runs smoothly, the appointments, the prescriptions and they warm attention every üßçüèªe we see the doctor. ",Very easyVery satisfiedVery goodVery goodVery good,44,0.5208333333333334,0.6875,0.0,0.89,0.11,0.624,positive,,Health Outcome Satisfaction
2024-02-22 21:25:08,Earls Court Surgery,Very easy,Very satisfied,Fairly good,Very good,Fairly good,riza lindner ,Very easyVery satisfiedFairly goodVery goodFairly good,2,0.0,0.0,0.0,1.0,0.0,0.0,neutral,,Ambiance of Facility
2024-02-22 21:28:37,Earls Court Surgery,Very easy,Very satisfied,Fairly good,Very good,Neither good nor poor,,Very easyVery satisfiedFairly goodVery goodNeither good nor poor,0,0.0,0.0,0.0,0.0,0.0,0.0,neutral,,
2024-02-22 21:29:55,Earls Court Surgery,Fairly easy,Neither satisfied nor dissatisfied,Neither good nor poor,Neither good nor poor,Fairly poor,,Fairly easyNeither satisfied nor dissatisfiedNeither good nor poorNeither good nor poorFairly poor,0,0.0,0.0,0.0,0.0,0.0,0.0,neutral,,
2024-02-22 21:37:46,Earls Court Surgery,Very easy,Fairly satisfied,Very good,Very good,Fairly good,,Very easyFairly satisfiedVery goodVery goodFairly good,0,0.0,0.0,0.0,0.0,0.0,0.0,neutral,,
2024-02-22 21:38:05,Earls Court Surgery,Very easy,Very satisfied,Very good,Very good,Very good,amazing surgery. ,Very easyVery satisfiedVery goodVery goodVery good,2,0.6000000000000001,0.9,0.0,0.208,0.792,0.5859,positive,,Health Outcome Satisfaction
2024-02-22 21:38:30,Earls Court Surgery,Very easy,Very satisfied,Very good,Very good,Very good,,Very easyVery satisfiedVery goodVery goodVery good,0,0.0,0.0,0.0,0.0,0.0,0.0,neutral,,
2024-02-22 21:39:12,Earls Court Surgery,Very easy,Very satisfied,Very good,Very good,Very good,,Very easyVery satisfiedVery goodVery goodVery good,0,0.0,0.0,0.0,0.0,0.0,0.0,neutral,,
2024-02-22 21:40:36,Earls Court Surgery,Fairly easy,Fairly satisfied,Fairly good,Very good,Very good,thank you ,Fairly easyFairly satisfiedFairly goodVery goodVery good,2,0.0,0.0,0.0,0.286,0.714,0.3612,positive,,Overall Patient Satisfaction
2024-02-22 21:43:20,Earls Court Surgery,Fairly easy,Fairly satisfied,Fairly good,Very good,Very good,,Fairly easyFairly satisfiedFairly goodVery goodVery good,0,0.0,0.0,0.0,0.0,0.0,0.0,neutral,,
2024-02-22 21:45:52,Earls Court Surgery,Fairly easy,Very satisfied,Very good,Very good,Very good,,Fairly easyVery satisfiedVery goodVery goodVery good,0,0.0,0.0,0.0,0.0,0.0,0.0,neutral,,
2024-02-22 21:47:22,Earls Court Surgery,Very easy,Very satisfied,Very good,Very good,Very good,,Very easyVery satisfiedVery goodVery goodVery good,0,0.0,0.0,0.0,0.0,0.0,0.0,neutral,,
2024-02-22 21:52:32,Earls Court Surgery,Fairly easy,Fairly satisfied,Very good,Very good,Neither good nor poor,,Fairly easyFairly satisfiedVery goodVery goodNeither good nor poor,0,0.0,0.0,0.0,0.0,0.0,0.0,neutral,,
2024-02-22 21:52:36,Earls Court Surgery,Fairly easy,Fairly satisfied,Very good,Fairly good,Neither good nor poor,,Fairly easyFairly satisfiedVery goodFairly goodNeither good nor poor,0,0.0,0.0,0.0,0.0,0.0,0.0,neutral,,
2024-02-22 21:52:47,Earls Court Surgery,Fairly easy,Neither satisfied nor dissatisfied,Neither good nor poor,Neither good nor poor,Neither good nor poor,,Fairly easyNeither satisfied nor dissatisfiedNeither good nor poorNeither good nor poorNeither good nor poor,0,0.0,0.0,0.0,0.0,0.0,0.0,neutral,,
2024-02-22 21:57:23,Earls Court Surgery,Very easy,Very satisfied,Very good,Very good,Very good,,Very easyVery satisfiedVery goodVery goodVery good,0,0.0,0.0,0.0,0.0,0.0,0.0,neutral,,
2024-02-22 21:58:32,Earls Court Surgery,Fairly easy,Fairly satisfied,Very good,Very good,Fairly good,"we love everyone in our gp surgery. they are always nice, respectful, thoughtful and do everything in their power to help myself and my family.  ",Fairly easyFairly satisfiedVery goodVery goodFairly good,25,0.5,0.7,0.0,0.567,0.433,0.936,positive,,Overall Patient Satisfaction
2024-02-22 22:01:44,Earls Court Surgery,Very easy,Fairly satisfied,Very good,Very good,Very good,,Very easyFairly satisfiedVery goodVery goodVery good,0,0.0,0.0,0.0,0.0,0.0,0.0,neutral,,
2024-02-22 22:02:17,Earls Court Surgery,Very easy,Very satisfied,Very good,Very good,Very good,when i went for my visit and saw dr emiliani she was as always kind and helpful check me and give me the medison i need and later on she ask me to go there one month later so she check me i‚Äôm very happy with all dr and people they work there ,Very easyVery satisfiedVery goodVery goodVery good,53,0.4,0.475,0.0,0.825,0.175,0.8805,positive,,Overall Patient Satisfaction
2024-02-22 22:02:58,Earls Court Surgery,Fairly easy,Neither satisfied nor dissatisfied,Neither good nor poor,Very good,Neither good nor poor,,Fairly easyNeither satisfied nor dissatisfiedNeither good nor poorVery goodNeither good nor poor,0,0.0,0.0,0.0,0.0,0.0,0.0,neutral,,
2024-02-22 22:20:28,Earls Court Surgery,Very easy,Very satisfied,Very good,Fairly good,Fairly good,"do let me know of any anti inflammatory oral application in circulation 4my wound, to join my none surgical & none pill popping>fast track healing, i desire. ",Very easyVery satisfiedVery goodFairly goodFairly good,27,0.0,0.0,0.079,0.753,0.168,0.3818,positive,,Follow-Up and Continuity of Care
2024-02-22 22:24:06,Earls Court Surgery,Fairly easy,Fairly satisfied,Fairly good,Fairly good,Fairly good,,Fairly easyFairly satisfiedFairly goodFairly goodFairly good,0,0.0,0.0,0.0,0.0,0.0,0.0,neutral,,
2024-02-22 22:30:59,Earls Court Surgery,Very easy,Very satisfied,Very good,Very good,Very good,,Very easyVery satisfiedVery goodVery goodVery good,0,0.0,0.0,0.0,0.0,0.0,0.0,neutral,,
2024-02-22 22:33:05,Earls Court Surgery,Not at all easy,Very dissatisfied,Very poor,Very poor,Very poor,,Not at all easyVery dissatisfiedVery poorVery poorVery poor,0,0.0,0.0,0.0,0.0,0.0,0.0,neutral,,
2024-02-22 22:34:43,Earls Court Surgery,Fairly easy,Neither satisfied nor dissatisfied,Very poor,Very poor,Neither good nor poor,"i am generally satisfied with the care provided by the gp and nurses. however, i have encountered issues with the reception staff who have been consistently rude, unhelpful, and have provided incorrect information at üßçüèªes. it is clear that they are in need of further training or possibly replacement.",Fairly easyNeither satisfied nor dissatisfiedVery poorVery poorNeither good nor poor,49,0.06,0.6966666666666667,0.055,0.788,0.158,0.6808,positive,,Reception Staff Interaction
2024-02-22 22:40:14,Earls Court Surgery,Very easy,Very satisfied,Very good,Very good,Neither good nor poor,"the surgery, doctors and reception staff are all fantastic and we are so lucky to have such an amazing gp surgery ",Very easyVery satisfiedVery goodVery goodNeither good nor poor,21,0.3333333333333333,0.7833333333333333,0.0,0.62,0.38,0.9004,positive,,Medical Staff Competence
2024-02-22 22:41:07,Earls Court Surgery,Very easy,Very satisfied,Very good,Very good,Very good,,Very easyVery satisfiedVery goodVery goodVery good,0,0.0,0.0,0.0,0.0,0.0,0.0,neutral,,
2024-02-22 22:44:08,Earls Court Surgery,Fairly easy,Neither satisfied nor dissatisfied,Very good,Very good,Fairly good,,Fairly easyNeither satisfied nor dissatisfiedVery goodVery goodFairly good,0,0.0,0.0,0.0,0.0,0.0,0.0,neutral,,
2024-02-22 22:52:28,Earls Court Surgery,Very easy,Very satisfied,Very good,Very good,Very good,,Very easyVery satisfiedVery goodVery goodVery good,0,0.0,0.0,0.0,0.0,0.0,0.0,neutral,,
2024-02-22 22:53:44,Earls Court Surgery,Very easy,Very satisfied,Very good,Very good,Very good,always had a very positive experience with the whole team at earls court surgery. thank you,Very easyVery satisfiedVery goodVery goodVery good,16,0.2477272727272727,0.5545454545454546,0.0,0.67,0.33,0.7501,positive,,Overall Patient Satisfaction
2024-02-22 22:55:37,Earls Court Surgery,Fairly easy,Fairly satisfied,Neither good nor poor,Very good,Neither good nor poor,"i found the drs incredibly kind and caring, best i‚Äôve experienced in london.",Fairly easyFairly satisfiedNeither good nor poorVery goodNeither good nor poor,13,0.8000000000000002,0.7000000000000001,0.0,0.442,0.558,0.9073,positive,,Overall Patient Satisfaction
2024-02-22 22:57:57,Earls Court Surgery,Very easy,Very satisfied,Very good,Very good,Very good,"dr adib and emiliani have always been first class. especially on the odd occasions when i needed rapid access and support regarding medical urgencies.  the latest example was when i needed an urgent nhs hospital transfer to the royal marsden after previous cancer trratments at another hospital failled and delays in dealing quickly with a more pernicious mutation of emerging tumours became dangeroisly worrying. the speed with which dr adib effected my transfer made it posdible for me be urgently seen very quickly by a top cancer consultant and rapidly undergo  blood tests,mri and pet, scans quickly followed up with intense chemotherapy, which enabled me to then go onto chemoradiotherapy and i am now on immunology trials. the support team on reception are also very helpful and lula the nurse provides very good and comprehensive tests of patient vitals including bloods and ecgs.",Very easyVery satisfiedVery goodVery goodVery good,143,0.261025641025641,0.5176923076923077,0.086,0.781,0.133,0.5346,positive,,Blood Test Results & Imaging
2024-02-22 23:07:14,Earls Court Surgery,Very easy,Very satisfied,Very good,Very good,Very good,,Very easyVery satisfiedVery goodVery goodVery good,0,0.0,0.0,0.0,0.0,0.0,0.0,neutral,,
2024-02-22 23:10:02,Earls Court Surgery,Fairly easy,Neither satisfied nor dissatisfied,Neither good nor poor,Fairly good,Fairly good,,Fairly easyNeither satisfied nor dissatisfiedNeither good nor poorFairly goodFairly good,0,0.0,0.0,0.0,0.0,0.0,0.0,neutral,,
2024-02-22 23:14:05,Earls Court Surgery,Fairly easy,Fairly satisfied,Fairly good,Very good,Very good,i am very happy with the services provided at  earls court surgery.,Fairly easyFairly satisfiedFairly goodVery goodVery good,12,1.0,1.0,0.0,0.715,0.285,0.6115,positive,,Health Outcome Satisfaction
2024-02-22 23:26:50,Earls Court Surgery,Fairly easy,Very satisfied,Very good,Very good,Neither good nor poor,,Fairly easyVery satisfiedVery goodVery goodNeither good nor poor,0,0.0,0.0,0.0,0.0,0.0,0.0,neutral,,
2024-02-22 23:27:58,Earls Court Surgery,Not very easy,Neither satisfied nor dissatisfied,Very poor,Very poor,Neither good nor poor,the reception staff are very badly dealing with patient they need to be changed ,Not very easyNeither satisfied nor dissatisfiedVery poorVery poorNeither good nor poor,14,-0.9099999999999998,0.8666666666666667,0.207,0.793,0.0,-0.5256,negative,,Reception Staff Interaction
2024-02-22 23:51:55,Earls Court Surgery,Very easy,Very satisfied,Very good,Very good,Very good,,Very easyVery satisfiedVery goodVery goodVery good,0,0.0,0.0,0.0,0.0,0.0,0.0,neutral,,
2024-02-23 00:06:19,Earls Court Surgery,Very easy,Very satisfied,Very good,Very good,Fairly good,"every thing is excellent appointment, reception doctors are at a high level in terms of professionalism. especially dr. adrenaline and dr.emiliani",Very easyVery satisfiedVery goodVery goodFairly good,21,0.3866666666666666,0.8466666666666667,0.0,0.837,0.163,0.5719,positive,,Ambiance of Facility
2024-02-23 00:11:52,Earls Court Surgery,Very easy,Fairly satisfied,Very good,Very good,Fairly good,,Very easyFairly satisfiedVery goodVery goodFairly good,0,0.0,0.0,0.0,0.0,0.0,0.0,neutral,,
2024-02-23 00:16:30,Earls Court Surgery,Very easy,Very satisfied,Very good,Very good,Fairly good,,Very easyVery satisfiedVery goodVery goodFairly good,0,0.0,0.0,0.0,0.0,0.0,0.0,neutral,,
2024-02-23 01:35:55,Earls Court Surgery,Fairly easy,Fairly satisfied,Fairly good,Fairly good,Neither good nor poor,,Fairly easyFairly satisfiedFairly goodFairly goodNeither good nor poor,0,0.0,0.0,0.0,0.0,0.0,0.0,neutral,,
2024-02-23 03:35:43,Earls Court Surgery,Very easy,Very satisfied,Very good,Very good,Very good,very satisfied ,Very easyVery satisfiedVery goodVery goodVery good,2,0.65,1.0,0.0,0.244,0.756,0.4754,positive,,Overall Patient Satisfaction
2024-02-23 05:07:38,Earls Court Surgery,Very easy,Very satisfied,Very good,Very good,Very good,"my doctors surgery is wonderful, the best!!",Very easyVery satisfiedVery goodVery goodVery good,7,1.0,0.65,0.0,0.371,0.629,0.8585,positive,,Health Outcome Satisfaction
2024-02-23 05:44:13,Earls Court Surgery,Fairly easy,Fairly satisfied,Fairly good,Fairly good,Neither good nor poor,please get rid off the dead chair lift at the surgery!,Fairly easyFairly satisfiedFairly goodFairly goodNeither good nor poor,11,-0.25,0.4,0.289,0.566,0.145,-0.5093,negative,,Patient Safety
2024-02-23 06:04:09,Earls Court Surgery,Very easy,Very satisfied,Very good,Very good,Fairly good,"the doctors, the staff are very professional",Very easyVery satisfiedVery goodVery goodFairly good,7,0.13,0.13,0.0,1.0,0.0,0.0,neutral,,Medical Staff Competence
2024-02-23 06:38:18,Earls Court Surgery,Fairly easy,Fairly satisfied,Fairly good,Fairly good,Neither good nor poor,,Fairly easyFairly satisfiedFairly goodFairly goodNeither good nor poor,0,0.0,0.0,0.0,0.0,0.0,0.0,neutral,,
2024-02-23 06:53:38,Earls Court Surgery,Very easy,Very satisfied,Very good,Very good,Fairly good,,Very easyVery satisfiedVery goodVery goodFairly good,0,0.0,0.0,0.0,0.0,0.0,0.0,neutral,,
2024-02-23 06:57:14,Earls Court Surgery,Very easy,Very satisfied,Very good,Very good,Very good,,Very easyVery satisfiedVery goodVery goodVery good,0,0.0,0.0,0.0,0.0,0.0,0.0,neutral,,
2024-02-23 06:59:57,Earls Court Surgery,Very easy,Very satisfied,Very good,Very good,Very good,,Very easyVery satisfiedVery goodVery goodVery good,0,0.0,0.0,0.0,0.0,0.0,0.0,neutral,,
2024-02-23 07:09:00,Earls Court Surgery,Fairly easy,Very satisfied,Fairly good,Fairly good,Fairly good,,Fairly easyVery satisfiedFairly goodFairly goodFairly good,0,0.0,0.0,0.0,0.0,0.0,0.0,neutral,,
2024-02-23 07:09:43,Earls Court Surgery,Fairly easy,Neither satisfied nor dissatisfied,Neither good nor poor,Neither good nor poor,Neither good nor poor,,Fairly easyNeither satisfied nor dissatisfiedNeither good nor poorNeither good nor poorNeither good nor poor,0,0.0,0.0,0.0,0.0,0.0,0.0,neutral,,
2024-02-23 07:30:38,Earls Court Surgery,Very easy,Very satisfied,Very good,Very good,Very good,,Very easyVery satisfiedVery goodVery goodVery good,0,0.0,0.0,0.0,0.0,0.0,0.0,neutral,,
2024-02-23 07:56:52,Earls Court Surgery,Very easy,Very satisfied,Very good,Very good,Neither good nor poor,regret not very good at on line services. always go in person to make request any service or ask questions.,Very easyVery satisfiedVery goodVery goodNeither good nor poor,20,-0.2692307692307691,0.4615384615384615,0.232,0.768,0.0,-0.6622,negative,,Overall Patient Satisfaction
2024-02-23 08:06:48,Earls Court Surgery,Fairly easy,Very satisfied,Fairly good,Very good,Fairly good,,Fairly easyVery satisfiedFairly goodVery goodFairly good,0,0.0,0.0,0.0,0.0,0.0,0.0,neutral,,
2024-02-23 08:08:33,Earls Court Surgery,Very easy,Very satisfied,Very good,Very good,Very good,,Very easyVery satisfiedVery goodVery goodVery good,0,0.0,0.0,0.0,0.0,0.0,0.0,neutral,,
2024-02-23 08:10:48,Earls Court Surgery,Very easy,Very satisfied,Very good,Very good,Very good,,Very easyVery satisfiedVery goodVery goodVery good,0,0.0,0.0,0.0,0.0,0.0,0.0,neutral,,
2024-02-23 08:12:56,Earls Court Surgery,Very easy,Very satisfied,Very good,Very good,Fairly good,,Very easyVery satisfiedVery goodVery goodFairly good,0,0.0,0.0,0.0,0.0,0.0,0.0,neutral,,
2024-02-23 08:14:43,Earls Court Surgery,Very easy,Very satisfied,Very good,Very good,Fairly good,great!,Very easyVery satisfiedVery goodVery goodFairly good,1,1.0,0.75,0.0,0.0,1.0,0.6588,positive,,Overall Patient Satisfaction
2024-02-23 08:19:30,Earls Court Surgery,Very easy,Very satisfied,Very good,Very good,Very good,,Very easyVery satisfiedVery goodVery goodVery good,0,0.0,0.0,0.0,0.0,0.0,0.0,neutral,,
2024-02-23 08:19:43,Earls Court Surgery,Very easy,Very satisfied,Very good,Very good,Very good,,Very easyVery satisfiedVery goodVery goodVery good,0,0.0,0.0,0.0,0.0,0.0,0.0,neutral,,
2024-02-23 08:29:18,Earls Court Surgery,Fairly easy,Fairly satisfied,Fairly good,Fairly good,Neither good nor poor,"i visited the surgery in person because i preferred to describe to the reception staff what i needed face to face. my request was dealt with as required. generally, i was happy with the service. i did not use the gp's portal, therefore, one of the possible answers should be not applicable.",Fairly easyFairly satisfiedFairly goodFairly goodNeither good nor poor,52,0.2833333333333334,0.8333333333333334,0.0,0.926,0.074,0.5719,positive,,Reception Staff Interaction
2024-02-23 08:40:31,Earls Court Surgery,Very easy,Very satisfied,Very good,Very good,Neither good nor poor,i never use the website ,Very easyVery satisfiedVery goodVery goodNeither good nor poor,5,0.0,0.0,0.0,1.0,0.0,0.0,neutral,,Overall Patient Satisfaction
2024-02-23 08:49:22,Earls Court Surgery,Very easy,Very satisfied,Very good,Very good,Fairly good,"one of the best gp surgery around ! welcoming and friendly staff , always very helpful. the dr's take üßçüèªe to listen to your needs. dr adib always give a very high quality medical advice and best care ! ",Very easyVery satisfiedVery goodVery goodFairly good,39,0.4638333333333333,0.3503333333333333,0.0,0.576,0.424,0.9697,positive,,Ambiance of Facility
2024-02-23 08:57:30,Earls Court Surgery,Very easy,Fairly satisfied,Fairly good,Fairly good,Neither good nor poor,"more understanding about the menopause, doctor was against hrt ",Very easyFairly satisfiedFairly goodFairly goodNeither good nor poor,9,0.5,0.5,0.0,1.0,0.0,0.0,neutral,,Patient-Doctor Communication
2024-02-23 09:15:26,Earls Court Surgery,Very easy,Very satisfied,Very good,Very good,Very good,,Very easyVery satisfiedVery goodVery goodVery good,0,0.0,0.0,0.0,0.0,0.0,0.0,neutral,,
2024-02-23 09:15:39,Earls Court Surgery,Very easy,Very satisfied,Very good,Very good,Very good,,Very easyVery satisfiedVery goodVery goodVery good,0,0.0,0.0,0.0,0.0,0.0,0.0,neutral,,
2024-02-23 09:18:12,Earls Court Surgery,Very easy,Very satisfied,Very good,Very good,Very good,,Very easyVery satisfiedVery goodVery goodVery good,0,0.0,0.0,0.0,0.0,0.0,0.0,neutral,,
2024-02-23 09:18:53,Earls Court Surgery,Fairly easy,Very satisfied,Very good,Fairly good,Very good,i find the surgery staff helpful and welcoming and reasonably informative ,Fairly easyVery satisfiedVery goodFairly goodVery good,11,0.2,0.6,0.0,0.584,0.416,0.6908,positive,,Overall Patient Satisfaction
2024-02-23 09:30:48,Earls Court Surgery,Very easy,Very satisfied,Very good,Very good,Fairly good,,Very easyVery satisfiedVery goodVery goodFairly good,0,0.0,0.0,0.0,0.0,0.0,0.0,neutral,,
2024-02-23 09:33:41,Earls Court Surgery,Very easy,Very satisfied,Fairly good,Very good,Very good,,Very easyVery satisfiedFairly goodVery goodVery good,0,0.0,0.0,0.0,0.0,0.0,0.0,neutral,,
2024-02-23 09:45:41,Earls Court Surgery,Very easy,Very satisfied,Very good,Very good,Fairly good,,Very easyVery satisfiedVery goodVery goodFairly good,0,0.0,0.0,0.0,0.0,0.0,0.0,neutral,,
2024-02-23 09:59:16,Earls Court Surgery,Very easy,Very satisfied,Very good,Very good,Neither good nor poor,,Very easyVery satisfiedVery goodVery goodNeither good nor poor,0,0.0,0.0,0.0,0.0,0.0,0.0,neutral,,
2024-02-23 10:03:57,Earls Court Surgery,Fairly easy,Fairly satisfied,Fairly good,Fairly good,Neither good nor poor,,Fairly easyFairly satisfiedFairly goodFairly goodNeither good nor poor,0,0.0,0.0,0.0,0.0,0.0,0.0,neutral,,
2024-02-23 10:19:28,Earls Court Surgery,Very easy,Very satisfied,Fairly good,Very good,Very good,"reception could do with better customer service manners and don‚Äôt behave like they own the surgery, they need to be more welcoming to patients.",Very easyVery satisfiedFairly goodVery goodVery good,24,0.5333333333333333,0.6666666666666666,0.0,0.71,0.29,0.8221,positive,,Reception Staff Interaction
2024-02-23 10:34:46,Earls Court Surgery,Very easy,Very satisfied,Very good,Very good,Very good,the staff are very nice and  kind. also discreet which i like. thankfully i have few visits as in good health but when i do it is a very good experience ,Very easyVery satisfiedVery goodVery goodVery good,31,0.558,0.676,0.0,0.603,0.397,0.8963,positive,,Patient Privacy and Confidentiality
2024-02-23 10:37:06,Earls Court Surgery,Very easy,Very satisfied,Very good,Very good,Very good,improved a lot,Very easyVery satisfiedVery goodVery goodVery good,3,0.0,0.0,0.0,0.244,0.756,0.4767,positive,,Overall Patient Satisfaction
2024-02-23 10:38:20,Earls Court Surgery,Fairly easy,Neither satisfied nor dissatisfied,Neither good nor poor,Neither good nor poor,Neither good nor poor,,Fairly easyNeither satisfied nor dissatisfiedNeither good nor poorNeither good nor poorNeither good nor poor,0,0.0,0.0,0.0,0.0,0.0,0.0,neutral,,
2024-02-23 10:50:47,Earls Court Surgery,Very easy,Fairly satisfied,Fairly good,Very good,Neither good nor poor,,Very easyFairly satisfiedFairly goodVery goodNeither good nor poor,0,0.0,0.0,0.0,0.0,0.0,0.0,neutral,,
2024-02-23 10:55:37,Earls Court Medical Centre,Fairly easy,Fairly satisfied,Fairly good,Fairly good,Very good,,Fairly easyFairly satisfiedFairly goodFairly goodVery good,0,0.0,0.0,0.0,0.0,0.0,0.0,neutral,,
